framenumber,feature0,feature1
0,0.000000,0.000000
1,2.283168,0.000009
2,0.000000,0.000000
3,0.000000,0.000000
4,2.400192,0.000018
5,2.037265,0.000009
6,2.851984,0.000055
7,3.080930,0.000091
8,2.365861,0.000018
9,2.687729,0.000037
10,3.419920,0.000201
11,2.634510,0.000027
12,3.652812,0.000356
13,0.000000,0.000000
14,0.000000,0.000000
15,0.000000,0.000000
